{
  "P0": {
    "P0_ACB_1bet": {
      "edges_150_500_1500": [
        1.9133333333333375,
        1.980000000000004,
        2.9133333333333375
      ],
      "stability": "STABLE",
      "n_bets": 1,
      "baseline": 11.419999999999996,
      "permutation": {
        "real": 14.333333333333334,
        "perm_mean": 11.471999999999998,
        "z": 3.2498034125049746,
        "p": 0.0,
        "signal": "\u2705 PASS",
        "note": "direct"
      }
    },
    "P0_ACB+Fourier_2bet": {
      "edges_150_500_1500": [
        0.4641640000000038,
        -1.1358359999999976,
        2.1308306666666716
      ],
      "stability": "LATE_BLOOMER",
      "n_bets": 2,
      "baseline": 21.535835999999996
    },
    "P0_ACB+Fourier+Cold_3bet": {
      "edges_150_500_1500": [
        5.503556471200014,
        0.7035564712000131,
        4.236889804533348
      ],
      "stability": "STABLE",
      "n_bets": 3,
      "baseline": 30.496443528799986
    }
  },
  "P1": {
    "P1_ACB+Fourier+EchoLag3_3bet": {
      "edges_150_500_1500": [
        2.170223137866678,
        0.7035564712000131,
        2.9702231378666824
      ],
      "stability": "STABLE",
      "n_bets": 3,
      "baseline": 30.496443528799986
    },
    "P1_ACB+EchoLag3+Cold_3bet": {
      "edges_150_500_1500": [
        4.170223137866685,
        1.9035564712000124,
        3.503556471200014
      ],
      "stability": "STABLE",
      "n_bets": 3,
      "baseline": 30.496443528799986
    },
    "P1_Fourier+EchoLag3+Cold_3bet": {
      "edges_150_500_1500": [
        8.170223137866678,
        1.5035564712000138,
        2.9702231378666824
      ],
      "stability": "STABLE",
      "n_bets": 3,
      "baseline": 30.496443528799986
    },
    "P1_ACB+Fourier+Cold+EchoLag3_4bet": {
      "edges_150_500_1500": [
        8.232916988855628,
        2.166250322188965,
        5.299583655522298
      ],
      "stability": "STABLE",
      "n_bets": 4,
      "baseline": 38.433749677811036,
      "permutation": {
        "real": 14.333333333333334,
        "perm_mean": 11.471999999999998,
        "z": 3.2498034125049746,
        "p": 0.0,
        "signal": "\u2705 PASS",
        "note": "ACB 1-bet proxy"
      }
    }
  },
  "P2": {
    "P2_ACB+Fourier+ConsecPair_3bet": {
      "edges_150_500_1500": [
        2.170223137866678,
        0.10355647120001166,
        2.9702231378666824
      ],
      "stability": "STABLE",
      "n_bets": 3,
      "baseline": 30.496443528799986
    },
    "P2_ACB+ConsecPair+Cold_3bet": {
      "edges_150_500_1500": [
        7.503556471200014,
        3.7035564712000166,
        3.303556471200018
      ],
      "stability": "STABLE",
      "n_bets": 3,
      "baseline": 30.496443528799986
    },
    "P2_Fourier+ConsecPair+Cold_3bet": {
      "edges_150_500_1500": [
        1.5035564712000138,
        0.5035564712000138,
        3.503556471200014
      ],
      "stability": "STABLE",
      "n_bets": 3,
      "baseline": 30.496443528799986,
      "permutation": {
        "real": 14.333333333333334,
        "perm_mean": 11.471999999999998,
        "z": 3.2498034125049746,
        "p": 0.0,
        "signal": "\u2705 PASS",
        "note": "ACB 1-bet proxy"
      }
    }
  },
  "P1P2": {
    "P1P2_ACB+EchoLag3+ConsecPair_3bet": {
      "edges_150_500_1500": [
        4.8368898045333495,
        0.7035564712000131,
        1.170223137866678
      ],
      "stability": "STABLE",
      "n_bets": 3,
      "baseline": 30.496443528799986
    },
    "P1P2_ACB+Fourier+Cold+EchoLag3+ConsecPair_5bet": {
      "edges_150_500_1500": [
        11.20205120206166,
        3.5353845353949964,
        6.535384535394996
      ],
      "stability": "STABLE",
      "n_bets": 5,
      "baseline": 45.464615464605004,
      "permutation": {
        "real": 14.333333333333334,
        "perm_mean": 11.471999999999998,
        "z": 3.2498034125049746,
        "p": 0.0,
        "signal": "\u2705 PASS",
        "note": "ACB 1-bet proxy"
      }
    }
  }
}