{
  "biglotto": {
    "lottery_type": "BIG_LOTTO",
    "n_bets": 5,
    "baseline": 0.0896,
    "total_oos": 1965,
    "coord_150p": {
      "n": 150,
      "hit": 12,
      "rate": 0.08,
      "edge": -0.0096
    },
    "champ_150p": {
      "n": 150,
      "hit": 20,
      "rate": 0.13333,
      "edge": 0.04373
    },
    "coord_500p": {
      "n": 500,
      "hit": 38,
      "rate": 0.076,
      "edge": -0.0136
    },
    "champ_500p": {
      "n": 500,
      "hit": 60,
      "rate": 0.12,
      "edge": 0.0304
    },
    "coord_1500p": {
      "n": 1500,
      "hit": 139,
      "rate": 0.09267,
      "edge": 0.00307
    },
    "champ_1500p": {
      "n": 1500,
      "hit": 175,
      "rate": 0.11667,
      "edge": 0.02707
    },
    "mcnemar_1500p": {
      "a_only": 112,
      "b_only": 148,
      "chi2": 4.712,
      "p": 0.03,
      "winner": "champion"
    }
  }
}