{
  "ts": "2026-03-14T19:07:13.496506",
  "results": {
    "2bet": {
      "rate": 0.044363256784968684,
      "edge_pct": 0.7463256784968682,
      "hits": 85,
      "hits_noguard": 85,
      "diff": 0,
      "tw": {
        "150p": 1.6433333333333335,
        "500p": -0.29,
        "1500p": 0.51
      },
      "tw_pass": false,
      "z": 1.7329150054066822,
      "p": 0.04155538840429323,
      "sharpe": 0.03624684863252065,
      "perm_p": 0.7326732673267327,
      "oos_avg_edge": 0.7486422976501304,
      "oos_all_pos": false,
      "mcnemar_bc": 13,
      "mcnemar_cb": 13,
      "score": 0.0,
      "verdict": "REJECTED"
    },
    "3bet": {
      "rate": 0.06263048016701461,
      "edge_pct": 0.7730480167014615,
      "hits": 120,
      "hits_noguard": 119,
      "diff": 1,
      "tw": {
        "150p": 3.843333333333334,
        "500p": 0.31000000000000055,
        "1500p": 0.576666666666667
      },
      "tw_pass": true,
      "z": 1.485522276864235,
      "p": 0.06870276337160475,
      "sharpe": 0.03190495863185954,
      "perm_p": 0.5148514851485149,
      "oos_avg_edge": 0.7763185378590088,
      "oos_all_pos": false,
      "mcnemar_bc": 22,
      "mcnemar_cb": 21,
      "score": 0.0,
      "verdict": "REJECTED"
    }
  }
}