{
  "frontier": {
    "1": {
      "edge": 0.00414,
      "marginal": 0.00414,
      "cost": 50,
      "eff": 0.828
    },
    "2": {
      "edge": 0.00641,
      "marginal": 0.0022700000000000003,
      "cost": 100,
      "eff": 0.641
    },
    "3": {
      "edge": 0.00735,
      "marginal": 0.0009399999999999999,
      "cost": 150,
      "eff": 0.49
    },
    "4": {
      "edge": 0.00751,
      "marginal": 0.00016000000000000042,
      "cost": 200,
      "eff": 0.376
    },
    "5": {
      "edge": 0.00522,
      "marginal": -0.0022900000000000004,
      "cost": 250,
      "eff": 0.209
    }
  },
  "phase4": {
    "1": {
      "signal_weights": [
        0.38131071002855116,
        0.14188815160838658,
        0.18523469330360343,
        0.010960825648726004,
        0.009712873513232724,
        0.26580390593414494,
        0.005088839963355357
      ],
      "fusion_type": "rank_product",
      "nonlinear": "log",
      "gate_signal": 6,
      "gate_threshold": 0.8817821459070656,
      "n_bets": 1,
      "orthogonal": true,
      "fitness": 0.0313624549979777,
      "full_edge": 0.003029121664644363
    },
    "2": {
      "signal_weights": [
        0.18067472310518423,
        0.128700295782498,
        0.17755498913831236,
        0.21257395367531062,
        0.08385396772781564,
        0.11466388251169812,
        0.10197818805918112
      ],
      "fusion_type": "voting",
      "nonlinear": "square",
      "gate_signal": 6,
      "gate_threshold": 0.8705159270595451,
      "n_bets": 2,
      "orthogonal": true,
      "fitness": 0.04907226807965784,
      "full_edge": 0.005850045857435621
    },
    "3": {
      "signal_weights": [
        0.12490102497898431,
        0.21619424237203644,
        0.09813375766974158,
        0.23844616401147425,
        0.1067336190677869,
        0.11622648271064841,
        0.09936470918932808
      ],
      "fusion_type": "voting",
      "nonlinear": "square",
      "gate_signal": 6,
      "gate_threshold": 0.8805599218674887,
      "n_bets": 3,
      "orthogonal": true,
      "fitness": 0.06112296534312346,
      "full_edge": 0.011789632009790121
    }
  }
}