{
  "meta": {
    "test": "P3 Shuffle Permutation Test",
    "n_shuffles": 200,
    "test_periods": 1500,
    "baseline_ge2": 0.11397342976290345,
    "seed": 42,
    "timestamp": "2026-02-18T23:07:44.700697"
  },
  "results": {
    "S1_Fourier": {
      "real_rate": 0.12733333333333333,
      "real_edge": 0.013359903570429876,
      "shuffle_mean": 0.11422333333333334,
      "shuffle_std": 0.008916221795755817,
      "shuffle_edge": 0.00024990357042989353,
      "p_value": 0.085,
      "cohens_d": 1.4703537328154435,
      "z_score": 1.4703537328154435,
      "temporal_fraction": 98.12945079197264,
      "verdict": "🟠 WEAK HINT"
    },
    "S2_P0_DevEcho": {
      "real_rate": 0.11333333333333333,
      "real_edge": -0.0006400964295701222,
      "shuffle_mean": 0.11430666666666667,
      "shuffle_std": 0.008317542372065868,
      "shuffle_edge": 0.0003332369037632177,
      "p_value": 0.55,
      "cohens_d": -0.11702174630360054,
      "z_score": -0.11702174630360054,
      "temporal_fraction": 0,
      "verdict": "🔴 NO SIGNAL"
    },
    "S3_ColdTwin": {
      "real_rate": 0.112,
      "real_edge": -0.0019734297629034475,
      "shuffle_mean": 0.11358333333333333,
      "shuffle_std": 0.007537885792596105,
      "shuffle_edge": -0.00039009642957012203,
      "p_value": 0.59,
      "cohens_d": -0.2100500560632683,
      "z_score": -0.2100500560632683,
      "temporal_fraction": 0,
      "verdict": "🔴 NO SIGNAL"
    },
    "S4_Markov": {
      "real_rate": 0.12533333333333332,
      "real_edge": 0.011359903570429875,
      "shuffle_mean": 0.11407333333333333,
      "shuffle_std": 0.008294252360654468,
      "shuffle_edge": 9.99035704298823e-05,
      "p_value": 0.1,
      "cohens_d": 1.35756660279764,
      "z_score": 1.35756660279764,
      "temporal_fraction": 99.1205596965635,
      "verdict": "🔴 NO SIGNAL"
    },
    "S5_TripleStrike": {
      "real_rate": 0.118,
      "real_edge": 0.004026570237096544,
      "shuffle_mean": 0.11440000000000002,
      "shuffle_std": 0.00847951780599712,
      "shuffle_edge": 0.0004265702370965657,
      "p_value": 0.32,
      "cohens_d": 0.42455244300022416,
      "z_score": 0.42455244300022416,
      "temporal_fraction": 89.40611458440237,
      "verdict": "🔴 NO SIGNAL"
    }
  }
}