{
  "test_period": "114000001 ~ 114000307",
  "total_draws_tested": 257,
  "anti_consensus": {
    "avg_hits": 0.6614785992217899,
    "hit_rate": 13.229571984435799,
    "win_rate_3plus": 1.556420233463035,
    "roi": -75.09727626459144
  },
  "traditional_hot": {
    "avg_hits": 0.7237354085603113,
    "hit_rate": 14.474708171206224,
    "win_rate_3plus": 0.38910505836575876,
    "roi": -93.77431906614785
  },
  "bayesian": {
    "hot_28_rate": 15.17509727626459,
    "cold_20_rate": 12.062256809338521
  },
  "odd_even": {
    "accuracy": 84.04669260700389
  }
}