{
  "1": {
    "best_lag": 9,
    "lag_p_value": 0.015846535905931894,
    "lag_rate": 0.15523932729624837,
    "lag_edge": 0.027034199091120176,
    "fourier_freq": 0.0034656038814763475,
    "fourier_phase": -1.6978766861419055,
    "fourier_amp": 0.013003575092675095
  },
  "2": {
    "best_lag": 5,
    "lag_p_value": 0.09685085428665934,
    "lag_rate": 0.14498644986449866,
    "lag_edge": 0.016781321659370463,
    "fourier_freq": 0.02183330445330099,
    "fourier_phase": 0.7243905436337926,
    "fourier_amp": 0.012490559772203263
  },
  "3": {
    "best_lag": 2,
    "lag_p_value": 0.08032010752107906,
    "lag_rate": 0.1466854724964739,
    "lag_edge": 0.018480344291345707,
    "fourier_freq": 0.23410154219372725,
    "fourier_phase": -0.8609984323329025,
    "fourier_amp": 0.012881482680117781
  },
  "4": {
    "best_lag": 6,
    "lag_p_value": 0.059349440073429335,
    "lag_rate": 0.14785992217898833,
    "lag_edge": 0.019654793973860135,
    "fourier_freq": 0.4533009876971062,
    "fourier_phase": 1.2819347780700285,
    "fourier_amp": 0.012547560889155948
  },
  "5": {
    "best_lag": 10,
    "lag_p_value": 0.003815148939108501,
    "lag_rate": 0.16157760814249364,
    "lag_edge": 0.033372479937365446,
    "fourier_freq": 0.2959625714780801,
    "fourier_phase": -1.1381356447816733,
    "fourier_amp": 0.012123969386389466
  },
  "6": {
    "best_lag": 14,
    "lag_p_value": 0.0038666874923460573,
    "lag_rate": 0.16298342541436464,
    "lag_edge": 0.03477829720923645,
    "fourier_freq": 0.44446369779934153,
    "fourier_phase": 2.5530114262793027,
    "fourier_amp": 0.012369130343965746
  },
  "7": {
    "best_lag": 6,
    "lag_p_value": 0.0009636341286882662,
    "lag_rate": 0.16847826086956522,
    "lag_edge": 0.04027313266443702,
    "fourier_freq": 0.33651013689135334,
    "fourier_phase": 0.8526885158261914,
    "fourier_amp": 0.012319159821861825
  },
  "8": {
    "best_lag": 10,
    "lag_p_value": 0.22700665745043946,
    "lag_rate": 0.13812154696132597,
    "lag_edge": 0.009916418756197781,
    "fourier_freq": 0.4931554323340842,
    "fourier_phase": 3.1187217615861713,
    "fourier_amp": 0.012780962739237855
  },
  "9": {
    "best_lag": 6,
    "lag_p_value": 0.19170392633756372,
    "lag_rate": 0.13956639566395665,
    "lag_edge": 0.011361267458828456,
    "fourier_freq": 0.3573037601802114,
    "fourier_phase": -1.109304148974136,
    "fourier_amp": 0.012704678297402502
  },
  "10": {
    "best_lag": 4,
    "lag_p_value": 0.07156378038950958,
    "lag_rate": 0.14713896457765668,
    "lag_edge": 0.01893383637252849,
    "fourier_freq": 0.42367007451048344,
    "fourier_phase": -2.4936762871661204,
    "fourier_amp": 0.011648977168561595
  },
  "11": {
    "best_lag": 7,
    "lag_p_value": 0.06713421467657825,
    "lag_rate": 0.14749661705006767,
    "lag_edge": 0.019291488844939475,
    "fourier_freq": 0.4408248137237914,
    "fourier_phase": 0.8315579408779191,
    "fourier_amp": 0.012568672304125623
  },
  "12": {
    "best_lag": 3,
    "lag_p_value": 0.0016594641545164346,
    "lag_rate": 0.16599732262382866,
    "lag_edge": 0.037792194418700464,
    "fourier_freq": 0.3372032576676486,
    "fourier_phase": -2.6504449834896215,
    "fourier_amp": 0.011883416717511006
  },
  "13": {
    "best_lag": 2,
    "lag_p_value": 0.11390628606189296,
    "lag_rate": 0.14405594405594405,
    "lag_edge": 0.015850815850815853,
    "fourier_freq": 0.35799688095650667,
    "fourier_phase": -0.9712043971806992,
    "fourier_amp": 0.011873313368207855
  },
  "14": {
    "best_lag": 14,
    "lag_p_value": 0.07645906315473346,
    "lag_rate": 0.14647137150466044,
    "lag_edge": 0.018266243299532248,
    "fourier_freq": 0.12216253682204124,
    "fourier_phase": 0.5497218910976638,
    "fourier_amp": 0.014523798535284857
  },
  "15": {
    "best_lag": 5,
    "lag_p_value": 0.034113066269792706,
    "lag_rate": 0.15193370165745856,
    "lag_edge": 0.02372857345233037,
    "fourier_freq": 0.28799168255068447,
    "fourier_phase": -2.4176115525613513,
    "fourier_amp": 0.013387217974515907
  },
  "16": {
    "best_lag": 15,
    "lag_p_value": 0.13811422987610467,
    "lag_rate": 0.14246196403872752,
    "lag_edge": 0.014256835833599324,
    "fourier_freq": 0.01438225610812684,
    "fourier_phase": 2.764734069013356,
    "fourier_amp": 0.013588966702868216
  },
  "17": {
    "best_lag": 9,
    "lag_p_value": 0.022583884482242068,
    "lag_rate": 0.15335051546391754,
    "lag_edge": 0.025145387258789342,
    "fourier_freq": 0.3242072431121123,
    "fourier_phase": 1.6889556657229394,
    "fourier_amp": 0.012330925610079856
  },
  "18": {
    "best_lag": 2,
    "lag_p_value": 0.05012210052934983,
    "lag_rate": 0.149519890260631,
    "lag_edge": 0.02131476205550281,
    "fourier_freq": 0.01507537688442211,
    "fourier_phase": 2.3008879895671526,
    "fourier_amp": 0.012382200185823443
  },
  "19": {
    "best_lag": 1,
    "lag_p_value": 0.009005133543823882,
    "lag_rate": 0.1590594744121715,
    "lag_edge": 0.030854346207043304,
    "fourier_freq": 0.20377750823080923,
    "fourier_phase": 0.9828136659882318,
    "fourier_amp": 0.011582646177097287
  },
  "20": {
    "best_lag": 15,
    "lag_p_value": 0.04622135153998883,
    "lag_rate": 0.1497326203208556,
    "lag_edge": 0.02152749211572741,
    "fourier_freq": 0.06290071044879571,
    "fourier_phase": 1.2801813568431664,
    "fourier_amp": 0.012986042419986132
  },
  "21": {
    "best_lag": 10,
    "lag_p_value": 0.3818967879498728,
    "lag_rate": 0.13249651324965134,
    "lag_edge": 0.004291385044523144,
    "fourier_freq": 0.275168948189222,
    "fourier_phase": -1.5397849759156805,
    "fourier_amp": 0.014249035619476862
  },
  "22": {
    "best_lag": 11,
    "lag_p_value": 0.05648100957422134,
    "lag_rate": 0.14870395634379263,
    "lag_edge": 0.020498828138664438,
    "fourier_freq": 0.32507364408248135,
    "fourier_phase": -2.9273109804050703,
    "fourier_amp": 0.012648168013873005
  },
  "23": {
    "best_lag": 10,
    "lag_p_value": 0.04560393382430952,
    "lag_rate": 0.14960629921259844,
    "lag_edge": 0.021401171007470243,
    "fourier_freq": 0.13949055622942297,
    "fourier_phase": -2.9696796553877287,
    "fourier_amp": 0.02011240249923322
  },
  "24": {
    "best_lag": 2,
    "lag_p_value": 0.12562820105765726,
    "lag_rate": 0.14325452016689846,
    "lag_edge": 0.01504939196177027,
    "fourier_freq": 0.07728296655692254,
    "fourier_phase": -2.369797973539566,
    "fourier_amp": 0.0115400125213084
  },
  "25": {
    "best_lag": 7,
    "lag_p_value": 0.0010347167985202397,
    "lag_rate": 0.1677762982689747,
    "lag_edge": 0.0395711700638465,
    "fourier_freq": 0.44654306012822736,
    "fourier_phase": -0.8714777087956997,
    "fourier_amp": 0.01355875539602202
  },
  "26": {
    "best_lag": 11,
    "lag_p_value": 0.016118136340321887,
    "lag_rate": 0.15595075239398085,
    "lag_edge": 0.027745624188852652,
    "fourier_freq": 0.09201178305319702,
    "fourier_phase": 1.0275339744228613,
    "fourier_amp": 0.01143787849765997
  },
  "27": {
    "best_lag": 10,
    "lag_p_value": 0.06327570155570307,
    "lag_rate": 0.1475195822454308,
    "lag_edge": 0.019314454040302603,
    "fourier_freq": 0.2285565759833651,
    "fourier_phase": 2.6334769557371485,
    "fourier_amp": 0.015751735491644547
  },
  "28": {
    "best_lag": 13,
    "lag_p_value": 0.21196300211991312,
    "lag_rate": 0.13873626373626374,
    "lag_edge": 0.01053113553113555,
    "fourier_freq": 0.09062554150060648,
    "fourier_phase": 0.8563123548636417,
    "fourier_amp": 0.010713706762473092
  },
  "29": {
    "best_lag": 9,
    "lag_p_value": 0.27908994476916577,
    "lag_rate": 0.13617021276595745,
    "lag_edge": 0.007965084560829255,
    "fourier_freq": 0.42176399237567147,
    "fourier_phase": -1.4723749515688662,
    "fourier_amp": 0.01258741007457214
  },
  "30": {
    "best_lag": 15,
    "lag_p_value": 0.3766518401967469,
    "lag_rate": 0.13275613275613277,