{
  "timestamp": "20251201_114313",
  "lottery_type": "BIG_LOTTO",
  "lottery_rules": {
    "id": "BIG_LOTTO",
    "name": "大樂透",
    "displayName": "大樂透",
    "csvName": "大樂透",
    "numberRange": {
      "min": 1,
      "max": 49
    },
    "pickCount": 6,
    "hasSpecialNumber": true,
    "specialNumberRange": {
      "min": 1,
      "max": 49
    },
    "description": "從 01~49 中任選 6 個號碼，另開 1 個特別號",
    "icon": "🎱",
    "color": "hsl(40, 95%, 60%)",
    "gradient": "linear-gradient(135deg, #F59E0B, #D97706)",
    "recommendedSampleSize": 50,
    "lotteryType": "BIG_LOTTO"
  },
  "results": {
    "odd_even": {
      "name": "奇偶平衡",
      "score": 15.06005574486915,
      "metrics": {
        "total_tests": 414,
        "success_count": 11,
        "success_rate": 0.026570048309178744,
        "avg_hits": 0.7391304347826086,
        "avg_confidence": 0.694411887546322,
        "hit_distribution": {
          "1": 176,
          "2": 48,
          "0": 179,
          "3": 10,
          "4": 1
        },
        "hit_dist_pct": {
          "1": 42.51207729468599,
          "2": 11.594202898550725,
          "0": 43.23671497584541,
          "3": 2.4154589371980677,
          "4": 0.24154589371980675
        },
        "vs_theory": 1.5053851733245749
      },
      "error": null
    },
    "zone_balance": {
      "name": "區域平衡",
      "score": 14.232242157171338,
      "metrics": {
        "total_tests": 414,
        "success_count": 10,
        "success_rate": 0.024154589371980676,
        "avg_hits": 0.7801932367149759,
        "avg_confidence": 0.7000000000000001,
        "hit_distribution": {
          "1": 166,
          "2": 63,
          "0": 175,
          "3": 9,
          "4": 1
        },
        "hit_dist_pct": {
          "1": 40.09661835748793,
          "2": 15.217391304347828,
          "0": 42.270531400966185,
          "3": 2.1739130434782608,
          "4": 0.24154589371980675
        },
        "vs_theory": 1.3685319757496135
      },
      "error": null
    },
    "ensemble": {
      "name": "集成預測",
      "score": 14.03900544219549,
      "metrics": {
        "total_tests": 414,
        "success_count": 10,
        "success_rate": 0.024154589371980676,
        "avg_hits": 0.7415458937198067,
        "avg_confidence": 0.9468655140342297,
        "hit_distribution": {
          "2": 55,
          "1": 166,
          "0": 183,
          "3": 9,
          "4": 1
        },
        "hit_dist_pct": {
          "2": 13.285024154589372,
          "1": 40.09661835748793,
          "0": 44.20289855072464,
          "3": 2.1739130434782608,
          "4": 0.24154589371980675
        },
        "vs_theory": 1.3685319757496135
      },
      "error": null
    },
    "monte_carlo": {
      "name": "蒙地卡羅模擬",
      "score": 12.945491371405893,
      "metrics": {
        "total_tests": 414,
        "success_count": 9,
        "success_rate": 0.021739130434782608,
        "avg_hits": 0.7294685990338164,
        "avg_confidence": 0.72,
        "hit_distribution": {
          "0": 189,
          "2": 57,
          "1": 159,
          "3": 7,
          "4": 2
        },
        "hit_dist_pct": {
          "0": 45.65217391304348,
          "2": 13.768115942028986,
          "1": 38.405797101449274,
          "3": 1.6908212560386473,
          "4": 0.4830917874396135
        },
        "vs_theory": 1.231678778174652
      },
      "error": null
    },
    "frequency": {
      "name": "加權頻率分析",
      "score": 11.096627481034428,
      "metrics": {
        "total_tests": 414,
        "success_count": 7,
        "success_rate": 0.016908212560386472,
        "avg_hits": 0.7729468599033816,
        "avg_confidence": 0.8554228957818925,
        "hit_distribution": {
          "1": 174,
          "0": 171,
          "2": 62,
          "4": 1,
          "3": 6
        },
        "hit_dist_pct": {
          "1": 42.028985507246375,
          "0": 41.30434782608695,
          "2": 14.975845410628018,
          "4": 0.24154589371980675,
          "3": 1.4492753623188406
        },
        "vs_theory": 0.9579723830247294
      },
      "error": null
    },
    "bayesian": {
      "name": "貝葉斯統計",
      "score": 9.870263168698937,
      "metrics": {
        "total_tests": 414,
        "success_count": 6,
        "success_rate": 0.014492753623188406,
        "avg_hits": 0.7342995169082126,
        "avg_confidence": 0.7931533254374463,
        "hit_distribution": {
          "1": 171,
          "0": 180,
          "2": 57,
          "3": 5,
          "4": 1
        },
        "hit_dist_pct": {
          "1": 41.30434782608695,
          "0": 43.47826086956522,
          "2": 13.768115942028986,
          "3": 1.2077294685990339,
          "4": 0.24154589371980675
        },
        "vs_theory": 0.821119185449768
      },
      "error": null
    },
    "random_forest": {
      "name": "隨機森林/KNN相似度",
      "score": 9.809876695268985,
      "metrics": {
        "total_tests": 414,
        "success_count": 6,
        "success_rate": 0.014492753623188406,
        "avg_hits": 0.7222222222222222,
        "avg_confidence": 0.75,
        "hit_distribution": {
          "1": 166,
          "0": 185,
          "2": 57,
          "3": 5,
          "4": 1
        },
        "hit_dist_pct": {
          "1": 40.09661835748793,
          "0": 44.68599033816425,
          "2": 13.768115942028986,
          "3": 1.2077294685990339,
          "4": 0.24154589371980675
        },
        "vs_theory": 0.821119185449768
      },
      "error": null
    },
    "hot_cold": {
      "name": "冷熱混合",
      "score": 8.873367455397263,
      "metrics": {
        "total_tests": 414,
        "success_count": 5,
        "success_rate": 0.012077294685990338,
        "avg_hits": 0.7415458937198067,
        "avg_confidence": 0.734540221776738,
        "hit_distribution": {
          "1": 178,
          "0": 174,
          "2": 57,
          "3": 5
        },
        "hit_dist_pct": {
          "1": 42.99516908212561,
          "0": 42.028985507246375,
          "2": 13.768115942028986,
          "3": 1.2077294685990339
        },
        "vs_theory": 0.6842659878748067
      },
      "error": null
    },
    "markov": {
      "name": "馬可夫鏈",
      "score": 0.0,
      "metrics": null,
      "error": "沒有成功的預測結果"
    }
  },
  "best_strategy": {
    "strategy_id": "odd_even",
    "strategy_name": "奇偶平衡",
    "metrics": {
      "total_tests": 414,
      "success_count": 11,
      "success_rate": 0.026570048309178744,
      "avg_hits": 0.7391304347826086,
      "avg_confidence": 0.694411887546322,
      "hit_distribution": {
        "1": 176,
        "2": 48,
        "0": 179,
        "3": 10,
        "4": 1
      },
      "hit_dist_pct": {
        "1": 42.51207729468599,
        "2": 11.594202898550725,
        "0": 43.23671497584541,
        "3": 2.4154589371980677,
        "4": 0.24154589371980675
      },
      "vs_theory": 1.5053851733245749
    },
    "score": 15.06005574486915,
    "timestamp": "2025-12-01T11:43:13.986124"
  }
}