{
  "timestamp": "20251202_130948",
  "lottery_type": "BIG_LOTTO",
  "lottery_rules": {
    "id": "BIG_LOTTO",
    "name": "大樂透",
    "displayName": "大樂透",
    "csvName": "大樂透",
    "numberRange": {
      "min": 1,
      "max": 49
    },
    "pickCount": 6,
    "hasSpecialNumber": true,
    "specialNumberRange": {
      "min": 1,
      "max": 49
    },
    "description": "從 01~49 中任選 6 個號碼，另開 1 個特別號",
    "icon": "🎱",
    "color": "hsl(40, 95%, 60%)",
    "gradient": "linear-gradient(135deg, #F59E0B, #D97706)",
    "recommendedSampleSize": 50,
    "lotteryType": "BIG_LOTTO"
  },
  "results": {
    "zone_balance": {
      "name": "區域平衡",
      "score": 13.434794773424324,
      "metrics": {
        "total_tests": 621,
        "success_count": 14,
        "success_rate": 0.02254428341384863,
        "avg_hits": 0.7584541062801933,
        "avg_confidence": 0.7000000000000001,
        "hit_distribution": {
          "0": 268,
          "2": 90,
          "1": 249,
          "3": 14
        },
        "hit_dist_pct": {
          "0": 43.15619967793881,
          "2": 14.492753623188406,
          "1": 40.09661835748793,
          "3": 2.254428341384863
        },
        "vs_theory": 1.277296510699639
      },
      "error": null
    },
    "odd_even": {
      "name": "奇偶平衡",
      "score": 13.19324887970452,
      "metrics": {
        "total_tests": 621,
        "success_count": 14,
        "success_rate": 0.02254428341384863,
        "avg_hits": 0.7101449275362319,
        "avg_confidence": 0.6940092488417439,
        "hit_distribution": {
          "0": 281,
          "2": 72,
          "1": 254,
          "3": 13,
          "4": 1
        },
        "hit_dist_pct": {
          "0": 45.249597423510465,
          "2": 11.594202898550725,
          "1": 40.90177133655394,
          "3": 2.0933977455716586,
          "4": 0.1610305958132045
        },
        "vs_theory": 1.277296510699639
      },
      "error": null
    },
    "ensemble": {
      "name": "集成預測",
      "score": 11.143096744566547,
      "metrics": {
        "total_tests": 621,
        "success_count": 11,
        "success_rate": 0.017713365539452495,
        "avg_hits": 0.7133655394524959,
        "avg_confidence": 0.9465524003556014,
        "hit_distribution": {
          "0": 285,
          "2": 84,
          "1": 241,
          "3": 10,
          "4": 1
        },
        "hit_dist_pct": {
          "0": 45.893719806763286,
          "2": 13.526570048309178,
          "1": 38.808373590982285,
          "3": 1.610305958132045,
          "4": 0.1610305958132045
        },
        "vs_theory": 1.0035901155497164
      },
      "error": null
    },
    "frequency": {
      "name": "加權頻率分析",
      "score": 10.679787847131937,
      "metrics": {
        "total_tests": 621,
        "success_count": 10,
        "success_rate": 0.01610305958132045,
        "avg_hits": 0.7584541062801933,
        "avg_confidence": 0.8544842231203787,
        "hit_distribution": {
          "1": 262,
          "0": 260,
          "2": 89,
          "3": 9,
          "4": 1
        },
        "hit_dist_pct": {
          "1": 42.19001610305958,
          "0": 41.86795491143317,
          "2": 14.331723027375201,
          "3": 1.4492753623188406,
          "4": 0.1610305958132045
        },
        "vs_theory": 0.9123546504997423
      },
      "error": null
    },
    "monte_carlo": {
      "name": "蒙地卡羅模擬",
      "score": 10.575117959853355,
      "metrics": {
        "total_tests": 621,
        "success_count": 10,
        "success_rate": 0.01610305958132045,
        "avg_hits": 0.7375201288244766,
        "avg_confidence": 0.7199999999999999,
        "hit_distribution": {
          "0": 265,
          "2": 82,
          "1": 264,
          "3": 10
        },
        "hit_dist_pct": {
          "0": 42.673107890499196,
          "2": 13.20450885668277,
          "1": 42.51207729468599,
          "3": 1.610305958132045
        },
        "vs_theory": 0.9123546504997422
      },
      "error": null
    },
    "bayesian": {
      "name": "貝葉斯統計",
      "score": 10.550963370481373,
      "metrics": {
        "total_tests": 621,
        "success_count": 10,
        "success_rate": 0.01610305958132045,
        "avg_hits": 0.7326892109500805,
        "avg_confidence": 0.7931243413876087,
        "hit_distribution": {
          "0": 271,
          "1": 256,
          "2": 84,
          "3": 9,
          "4": 1
        },
        "hit_dist_pct": {
          "0": 43.63929146537842,
          "1": 41.22383252818035,
          "2": 13.526570048309178,
          "3": 1.4492753623188406,
          "4": 0.1610305958132045
        },
        "vs_theory": 0.9123546504997423
      },
      "error": null
    },
    "hot_cold": {
      "name": "冷熱混合",
      "score": 8.484708175762082,
      "metrics": {
        "total_tests": 621,
        "success_count": 7,
        "success_rate": 0.011272141706924315,
        "avg_hits": 0.7326892109500805,
        "avg_confidence": 0.7348047122957991,
        "hit_distribution": {
          "0": 262,
          "1": 270,
          "3": 7,
          "2": 82
        },
        "hit_dist_pct": {
          "0": 42.19001610305958,
          "1": 43.47826086956522,
          "3": 1.1272141706924315,
          "2": 13.20450885668277
        },
        "vs_theory": 0.6386482553498195
      },
      "error": null
    },
    "random_forest": {
      "name": "隨機森林/KNN相似度",
      "score": 8.315626050158217,
      "metrics": {
        "total_tests": 621,
        "success_count": 7,
        "success_rate": 0.011272141706924315,
        "avg_hits": 0.6988727858293076,
        "avg_confidence": 0.75,
        "hit_distribution": {
          "1": 248,
          "0": 284,
          "2": 82,
          "3": 6,
          "4": 1
        },
        "hit_dist_pct": {
          "1": 39.93558776167472,
          "0": 45.73268921095008,
          "2": 13.20450885668277,
          "3": 0.966183574879227,
          "4": 0.1610305958132045
        },
        "vs_theory": 0.6386482553498195
      },
      "error": null
    },
    "markov": {
      "name": "馬可夫鏈",
      "score": 0.0,
      "metrics": null,
      "error": "沒有成功的預測結果"
    }
  },
  "best_strategy": {
    "strategy_id": "zone_balance",
    "strategy_name": "區域平衡",
    "metrics": {
      "total_tests": 621,
      "success_count": 14,
      "success_rate": 0.02254428341384863,
      "avg_hits": 0.7584541062801933,
      "avg_confidence": 0.7000000000000001,
      "hit_distribution": {
        "0": 268,
        "2": 90,
        "1": 249,
        "3": 14
      },
      "hit_dist_pct": {
        "0": 43.15619967793881,
        "2": 14.492753623188406,
        "1": 40.09661835748793,
        "3": 2.254428341384863
      },
      "vs_theory": 1.277296510699639
    },
    "score": 13.434794773424324,
    "timestamp": "2025-12-02T13:09:48.836005"
  }
}