{
  "timestamp": "20251203_154326",
  "lottery_type": "BIG_LOTTO",
  "lottery_rules": {
    "pickCount": 6,
    "minNumber": 1,
    "maxNumber": 49,
    "lotteryType": "BIG_LOTTO"
  },
  "results": {
    "ensemble": {
      "name": "集成預測",
      "score": 13.986670498556201,
      "metrics": {
        "total_tests": 621,
        "success_count": 15,
        "success_rate": 0.024154589371980676,
        "avg_hits": 0.7310789049919485,
        "avg_confidence": 0.9450439708881417,
        "hit_distribution": {
          "0": 276,
          "1": 251,
          "3": 15,
          "2": 79
        },
        "hit_dist_pct": {
          "0": 44.44444444444444,
          "1": 40.41867954911433,
          "3": 2.4154589371980677,
          "2": 12.721417069243158
        },
        "vs_theory": 1.3685319757496135
      },
      "error": null
    },
    "zone_balance": {
      "name": "區域平衡",
      "score": 12.721888452479249,
      "metrics": {
        "total_tests": 621,
        "success_count": 13,
        "success_rate": 0.020933977455716585,
        "avg_hits": 0.7536231884057971,
        "avg_confidence": 0.6999984022343327,
        "hit_distribution": {
          "0": 254,
          "2": 75,
          "1": 279,
          "3": 13
        },
        "hit_dist_pct": {
          "0": 40.90177133655394,
          "2": 12.077294685990339,
          "1": 44.927536231884055,
          "3": 2.0933977455716586
        },
        "vs_theory": 1.186061045649665
      },
      "error": null
    },
    "odd_even": {
      "name": "奇偶平衡",
      "score": 12.633321624781987,
      "metrics": {
        "total_tests": 621,
        "success_count": 13,
        "success_rate": 0.020933977455716585,
        "avg_hits": 0.7359098228663447,
        "avg_confidence": 0.6919624673356836,
        "hit_distribution": {
          "0": 269,
          "2": 78,
          "1": 261,
          "3": 12,
          "4": 1
        },
        "hit_dist_pct": {
          "0": 43.31723027375201,
          "2": 12.560386473429952,
          "1": 42.028985507246375,
          "3": 1.932367149758454,
          "4": 0.1610305958132045
        },
        "vs_theory": 1.186061045649665
      },
      "error": null
    },
    "monte_carlo": {
      "name": "蒙地卡羅模擬",
      "score": 11.807693886767664,
      "metrics": {
        "total_tests": 621,
        "success_count": 12,
        "success_rate": 0.01932367149758454,
        "avg_hits": 0.7085346215780999,
        "avg_confidence": 0.7199999999999999,
        "hit_distribution": {
          "0": 285,
          "2": 79,
          "1": 245,
          "4": 1,
          "3": 11
        },
        "hit_dist_pct": {
          "0": 45.893719806763286,
          "2": 12.721417069243158,
          "1": 39.452495974235106,
          "4": 0.1610305958132045,
          "3": 1.7713365539452495
        },
        "vs_theory": 1.0948255805996907
      },
      "error": null
    },
    "bayesian": {
      "name": "貝葉斯統計",
      "score": 10.711993966294578,
      "metrics": {
        "total_tests": 621,
        "success_count": 10,
        "success_rate": 0.01610305958132045,
        "avg_hits": 0.7648953301127214,
        "avg_confidence": 0.7934528155619321,
        "hit_distribution": {
          "1": 287,
          "0": 245,
          "2": 79,
          "3": 10
        },
        "hit_dist_pct": {
          "1": 46.2157809983897,
          "0": 39.452495974235106,
          "2": 12.721417069243158,
          "3": 1.610305958132045
        },
        "vs_theory": 0.9123546504997422
      },
      "error": null
    },
    "random_forest": {
      "name": "隨機森林/KNN相似度",
      "score": 9.838057049536296,
      "metrics": {
        "total_tests": 621,
        "success_count": 9,
        "success_rate": 0.014492753623188406,
        "avg_hits": 0.7278582930756844,
        "avg_confidence": 0.75,
        "hit_distribution": {
          "1": 273,
          "0": 263,
          "2": 76,
          "3": 9
        },
        "hit_dist_pct": {
          "1": 43.96135265700483,
          "0": 42.351046698872786,
          "2": 12.238325281803544,
          "3": 1.4492753623188406
        },
        "vs_theory": 0.821119185449768
      },
      "error": null
    },
    "frequency": {
      "name": "加權頻率分析",
      "score": 9.821953989954975,
      "metrics": {
        "total_tests": 621,
        "success_count": 9,
        "success_rate": 0.014492753623188406,
        "avg_hits": 0.7246376811594203,
        "avg_confidence": 0.8544687749528704,
        "hit_distribution": {
          "0": 283,
          "1": 235,
          "2": 94,
          "3": 9
        },
        "hit_dist_pct": {
          "0": 45.571658615136876,
          "1": 37.84219001610306,
          "2": 15.136876006441224,
          "3": 1.4492753623188406
        },
        "vs_theory": 0.821119185449768
      },
      "error": null
    },
    "hot_cold": {
      "name": "冷熱混合",
      "score": 9.805850930373655,
      "metrics": {
        "total_tests": 621,
        "success_count": 9,
        "success_rate": 0.014492753623188406,
        "avg_hits": 0.7214170692431562,
        "avg_confidence": 0.7352582839566516,
        "hit_distribution": {
          "2": 78,
          "0": 270,
          "1": 264,
          "3": 8,
          "4": 1
        },
        "hit_dist_pct": {
          "2": 12.560386473429952,
          "0": 43.47826086956522,
          "1": 42.51207729468599,
          "3": 1.288244766505636,
          "4": 0.1610305958132045
        },
        "vs_theory": 0.821119185449768
      },
      "error": null
    },
    "markov": {
      "name": "馬可夫鏈",
      "score": 0.0,
      "metrics": null,
      "error": "沒有成功的預測結果"
    }
  },
  "best_strategy": {
    "strategy_id": "ensemble",
    "strategy_name": "集成預測",
    "metrics": {
      "total_tests": 621,
      "success_count": 15,
      "success_rate": 0.024154589371980676,
      "avg_hits": 0.7310789049919485,
      "avg_confidence": 0.9450439708881417,
      "hit_distribution": {
        "0": 276,
        "1": 251,
        "3": 15,
        "2": 79
      },
      "hit_dist_pct": {
        "0": 44.44444444444444,
        "1": 40.41867954911433,
        "3": 2.4154589371980677,
        "2": 12.721417069243158
      },
      "vs_theory": 1.3685319757496135
    },
    "score": 13.986670498556201,
    "timestamp": "2025-12-03T15:43:26.081097"
  }
}