{
  "test_periods": 102,
  "history_periods": 1870,
  "win_threshold": 3,
  "single_method_results": {
    "frequency": {
      "win_rate": 0.0196078431372549,
      "wins": 2,
      "total": 102,
      "match_dist": {
        "0": 33,
        "2": 23,
        "1": 44,
        "3": 2
      }
    },
    "hot_cold_mix": {
      "win_rate": 0.0392156862745098,
      "wins": 4,
      "total": 102,
      "match_dist": {
        "0": 31,
        "2": 15,
        "1": 52,
        "3": 4
      }
    },
    "bayesian": {
      "win_rate": 0.0392156862745098,
      "wins": 4,
      "total": 102,
      "match_dist": {
        "1": 57,
        "2": 14,
        "0": 27,
        "3": 3,
        "4": 1
      }
    },
    "trend": {
      "win_rate": 0.0392156862745098,
      "wins": 4,
      "total": 102,
      "match_dist": {
        "0": 37,
        "1": 38,
        "2": 23,
        "3": 4
      }
    },
    "monte_carlo": {
      "win_rate": 0.049019607843137254,
      "wins": 5,
      "total": 102,
      "match_dist": {
        "0": 36,
        "2": 10,
        "1": 51,
        "3": 5
      }
    },
    "ensemble": {
      "win_rate": 0.058823529411764705,
      "wins": 6,
      "total": 102,
      "match_dist": {
        "1": 46,
        "2": 20,
        "0": 30,
        "4": 2,
        "3": 4
      }
    },
    "zone_balance": {
      "win_rate": 0.0392156862745098,
      "wins": 4,
      "total": 102,
      "match_dist": {
        "0": 39,
        "3": 4,
        "1": 42,
        "2": 17
      }
    },
    "sum_range": {
      "win_rate": 0.029411764705882353,
      "wins": 3,
      "total": 102,
      "match_dist": {
        "1": 55,
        "0": 28,
        "2": 16,
        "3": 3
      }
    },
    "constraint_sat": {
      "win_rate": 0.00980392156862745,
      "wins": 1,
      "total": 102,
      "match_dist": {
        "0": 36,
        "1": 44,
        "2": 21,
        "3": 1
      }
    },
    "negative_filter": {
      "win_rate": 0.0196078431372549,
      "wins": 2,
      "total": 102,
      "match_dist": {
        "1": 48,
        "2": 17,
        "0": 35,
        "3": 2
      }
    }
  },
  "ranked_methods": [
    [
      "ensemble",
      0.058823529411764705
    ],
    [
      "monte_carlo",
      0.049019607843137254
    ],
    [
      "hot_cold_mix",
      0.0392156862745098
    ],
    [
      "bayesian",
      0.0392156862745098
    ],
    [
      "trend",
      0.0392156862745098
    ],
    [
      "zone_balance",
      0.0392156862745098
    ],
    [
      "sum_range",
      0.029411764705882353
    ],
    [
      "frequency",
      0.0196078431372549
    ],
    [
      "negative_filter",
      0.0196078431372549
    ],
    [
      "constraint_sat",
      0.00980392156862745
    ]
  ]
}