{
  "lottery_type": "POWER_LOTTO",
  "optimized_at": "2025-12-20T22:23:36.931523",
  "weights": {
    "zone_balance": 0.00364963761886284,
    "odd_even": 0.019058157493246373,
    "frequency": 0.12335411552602757,
    "bayesian": 0.03490901855612144,
    "monte_carlo": 0.06947311430360757,
    "statistical": 0.12855581137758298,
    "trend": 0.06940733032168861,
    "deviation": 0.08987576796375067,
    "entropy": 0.13099889369247958,
    "sota": 0.2383524458830101,
    "hot_cold": 0.09236570716353275
  },
  "sample_size": 1866
}