{
  "timestamp": "20251201_125121",
  "lottery_type": "BIG_LOTTO",
  "lottery_rules": {
    "lotteryType": "BIG_LOTTO",
    "minNumber": 1,
    "maxNumber": 49,
    "pickCount": 6,
    "name": "Taiwan Big Lotto"
  },
  "results": {
    "hot_cold": {
      "name": "冷熱混合",
      "score": 30.0,
      "metrics": {
        "total_tests": 18,
        "success_count": 2,
        "success_rate": 0.1111111111111111,
        "avg_hits": 0.8888888888888888,
        "avg_confidence": 0.7370754713917379,
        "hit_distribution": {
          "1": 8,
          "0": 7,
          "3": 2,
          "2": 1
        },
        "hit_dist_pct": {
          "1": 44.44444444444444,
          "0": 38.88888888888889,
          "3": 11.11111111111111,
          "2": 5.555555555555555
        },
        "vs_theory": 6.295247088448222
      },
      "error": null
    },
    "monte_carlo": {
      "name": "蒙地卡羅模擬",
      "score": 3.8888888888888884,
      "metrics": {
        "total_tests": 18,
        "success_count": 0,
        "success_rate": 0.0,
        "avg_hits": 0.7777777777777778,
        "avg_confidence": 0.7200000000000001,
        "hit_distribution": {
          "1": 10,
          "0": 6,
          "2": 2
        },
        "hit_dist_pct": {
          "1": 55.55555555555556,
          "0": 33.33333333333333,
          "2": 11.11111111111111
        },
        "vs_theory": 0.0
      },
      "error": null
    },
    "odd_even": {
      "name": "奇偶平衡",
      "score": 3.8888888888888884,
      "metrics": {
        "total_tests": 18,
        "success_count": 0,
        "success_rate": 0.0,
        "avg_hits": 0.7777777777777778,
        "avg_confidence": 0.689807369327023,
        "hit_distribution": {
          "1": 12,
          "0": 5,
          "2": 1
        },
        "hit_dist_pct": {
          "1": 66.66666666666666,
          "0": 27.77777777777778,
          "2": 5.555555555555555
        },
        "vs_theory": 0.0
      },
      "error": null
    },
    "zone_balance": {
      "name": "區域平衡",
      "score": 3.3333333333333335,
      "metrics": {
        "total_tests": 18,
        "success_count": 0,
        "success_rate": 0.0,
        "avg_hits": 0.6666666666666666,
        "avg_confidence": 0.6930299625192436,
        "hit_distribution": {
          "1": 8,
          "0": 8,
          "2": 2
        },
        "hit_dist_pct": {
          "1": 44.44444444444444,
          "0": 44.44444444444444,
          "2": 11.11111111111111
        },
        "vs_theory": 0.0
      },
      "error": null
    },
    "ensemble": {
      "name": "集成預測",
      "score": 3.055555555555556,
      "metrics": {
        "total_tests": 18,
        "success_count": 0,
        "success_rate": 0.0,
        "avg_hits": 0.6111111111111112,
        "avg_confidence": 0.9144816200479036,
        "hit_distribution": {
          "0": 9,
          "2": 2,
          "1": 7
        },
        "hit_dist_pct": {
          "0": 50.0,
          "2": 11.11111111111111,
          "1": 38.88888888888889
        },
        "vs_theory": 0.0
      },
      "error": null
    },
    "bayesian": {
      "name": "貝葉斯統計",
      "score": 2.777777777777778,
      "metrics": {
        "total_tests": 18,
        "success_count": 0,
        "success_rate": 0.0,
        "avg_hits": 0.5555555555555556,
        "avg_confidence": 0.7917375750241109,
        "hit_distribution": {
          "0": 9,
          "1": 8,
          "2": 1
        },
        "hit_dist_pct": {
          "0": 50.0,
          "1": 44.44444444444444,
          "2": 5.555555555555555
        },
        "vs_theory": 0.0
      },
      "error": null
    },
    "markov": {
      "name": "馬可夫鏈",
      "score": 2.5,
      "metrics": {
        "total_tests": 8,
        "success_count": 0,
        "success_rate": 0.0,
        "avg_hits": 0.5,
        "avg_confidence": 0.73,
        "hit_distribution": {
          "1": 4,
          "0": 4
        },
        "hit_dist_pct": {
          "1": 50.0,
          "0": 50.0
        },
        "vs_theory": 0.0
      },
      "error": null
    },
    "frequency": {
      "name": "加權頻率分析",
      "score": 1.9444444444444442,
      "metrics": {
        "total_tests": 18,
        "success_count": 0,
        "success_rate": 0.0,
        "avg_hits": 0.3888888888888889,
        "avg_confidence": 0.8835668838693123,
        "hit_distribution": {
          "0": 11,
          "1": 7
        },
        "hit_dist_pct": {
          "0": 61.111111111111114,
          "1": 38.88888888888889
        },
        "vs_theory": 0.0
      },
      "error": null
    },
    "random_forest": {
      "name": "隨機森林/KNN相似度",
      "score": 1.9444444444444442,
      "metrics": {
        "total_tests": 18,
        "success_count": 0,
        "success_rate": 0.0,
        "avg_hits": 0.3888888888888889,
        "avg_confidence": 0.8835668838693123,
        "hit_distribution": {
          "0": 11,
          "1": 7
        },
        "hit_dist_pct": {
          "0": 61.111111111111114,
          "1": 38.88888888888889
        },
        "vs_theory": 0.0
      },
      "error": null
    }
  },
  "best_strategy": {
    "strategy_id": "hot_cold",
    "strategy_name": "冷熱混合",
    "metrics": {
      "total_tests": 18,
      "success_count": 2,
      "success_rate": 0.1111111111111111,
      "avg_hits": 0.8888888888888888,
      "avg_confidence": 0.7370754713917379,
      "hit_distribution": {
        "1": 8,
        "0": 7,
        "3": 2,
        "2": 1
      },
      "hit_dist_pct": {
        "1": 44.44444444444444,
        "0": 38.88888888888889,
        "3": 11.11111111111111,
        "2": 5.555555555555555
      },
      "vs_theory": 6.295247088448222
    },
    "score": 30.0,
    "timestamp": "2025-12-01T12:51:21.459777"
  }
}