{
  "timestamp": "20251201_124428",
  "lottery_type": "BIG_LOTTO",
  "lottery_rules": {
    "lotteryType": "BIG_LOTTO",
    "minNumber": 1,
    "maxNumber": 49,
    "pickCount": 6,
    "name": "Taiwan Big Lotto"
  },
  "results": {
    "hot_cold": {
      "name": "冷熱混合",
      "score": 28.333333333333332,
      "metrics": {
        "total_tests": 12,
        "success_count": 1,
        "success_rate": 0.08333333333333333,
        "avg_hits": 0.8333333333333334,
        "avg_confidence": 0.7359592275449444,
        "hit_distribution": {
          "1": 5,
          "0": 5,
          "2": 1,
          "3": 1
        },
        "hit_dist_pct": {
          "1": 41.66666666666667,
          "0": 41.66666666666667,
          "2": 8.333333333333332,
          "3": 8.333333333333332
        },
        "vs_theory": 4.721435316336166
      },
      "error": null
    },
    "markov": {
      "name": "馬可夫鏈",
      "score": 5.0,
      "metrics": {
        "total_tests": 2,
        "success_count": 0,
        "success_rate": 0.0,
        "avg_hits": 1.0,
        "avg_confidence": 0.73,
        "hit_distribution": {
          "1": 2
        },
        "hit_dist_pct": {
          "1": 100.0
        },
        "vs_theory": 0.0
      },
      "error": null
    },
    "odd_even": {
      "name": "奇偶平衡",
      "score": 4.166666666666666,
      "metrics": {
        "total_tests": 12,
        "success_count": 0,
        "success_rate": 0.0,
        "avg_hits": 0.8333333333333334,
        "avg_confidence": 0.6911661410361912,
        "hit_distribution": {
          "0": 3,
          "2": 1,
          "1": 8
        },
        "hit_dist_pct": {
          "0": 25.0,
          "2": 8.333333333333332,
          "1": 66.66666666666666
        },
        "vs_theory": 0.0
      },
      "error": null
    },
    "monte_carlo": {
      "name": "蒙地卡羅模擬",
      "score": 3.75,
      "metrics": {
        "total_tests": 12,
        "success_count": 0,
        "success_rate": 0.0,
        "avg_hits": 0.75,
        "avg_confidence": 0.7199999999999999,
        "hit_distribution": {
          "0": 5,
          "2": 2,
          "1": 5
        },
        "hit_dist_pct": {
          "0": 41.66666666666667,
          "2": 16.666666666666664,
          "1": 41.66666666666667
        },
        "vs_theory": 0.0
      },
      "error": null
    },
    "zone_balance": {
      "name": "區域平衡",
      "score": 3.75,
      "metrics": {
        "total_tests": 12,
        "success_count": 0,
        "success_rate": 0.0,
        "avg_hits": 0.75,
        "avg_confidence": 0.694648258319924,
        "hit_distribution": {
          "0": 5,
          "1": 5,
          "2": 2
        },
        "hit_dist_pct": {
          "0": 41.66666666666667,
          "1": 41.66666666666667,
          "2": 16.666666666666664
        },
        "vs_theory": 0.0
      },
      "error": null
    },
    "ensemble": {
      "name": "集成預測",
      "score": 3.75,
      "metrics": {
        "total_tests": 12,
        "success_count": 0,
        "success_rate": 0.0,
        "avg_hits": 0.75,
        "avg_confidence": 0.9221972873186169,
        "hit_distribution": {
          "1": 7,
          "0": 4,
          "2": 1
        },
        "hit_dist_pct": {
          "1": 58.333333333333336,
          "0": 33.33333333333333,
          "2": 8.333333333333332
        },
        "vs_theory": 0.0
      },
      "error": null
    },
    "bayesian": {
      "name": "貝葉斯統計",
      "score": 2.5,
      "metrics": {
        "total_tests": 12,
        "success_count": 0,
        "success_rate": 0.0,
        "avg_hits": 0.5,
        "avg_confidence": 0.7923018221432178,
        "hit_distribution": {
          "0": 7,
          "1": 4,
          "2": 1
        },
        "hit_dist_pct": {
          "0": 58.333333333333336,
          "1": 33.33333333333333,
          "2": 8.333333333333332
        },
        "vs_theory": 0.0
      },
      "error": null
    },
    "frequency": {
      "name": "加權頻率分析",
      "score": 2.083333333333333,
      "metrics": {
        "total_tests": 12,
        "success_count": 0,
        "success_rate": 0.0,
        "avg_hits": 0.4166666666666667,
        "avg_confidence": 0.8779799972346706,
        "hit_distribution": {
          "0": 7,
          "1": 5
        },
        "hit_dist_pct": {
          "0": 58.333333333333336,
          "1": 41.66666666666667
        },
        "vs_theory": 0.0
      },
      "error": null
    },
    "random_forest": {
      "name": "隨機森林/KNN相似度",
      "score": 2.083333333333333,
      "metrics": {
        "total_tests": 12,
        "success_count": 0,
        "success_rate": 0.0,
        "avg_hits": 0.4166666666666667,
        "avg_confidence": 0.8779799972346706,
        "hit_distribution": {
          "0": 7,
          "1": 5
        },
        "hit_dist_pct": {
          "0": 58.333333333333336,
          "1": 41.66666666666667
        },
        "vs_theory": 0.0
      },
      "error": null
    }
  },
  "best_strategy": {
    "strategy_id": "hot_cold",
    "strategy_name": "冷熱混合",
    "metrics": {
      "total_tests": 12,
      "success_count": 1,
      "success_rate": 0.08333333333333333,
      "avg_hits": 0.8333333333333334,
      "avg_confidence": 0.7359592275449444,
      "hit_distribution": {
        "1": 5,
        "0": 5,
        "2": 1,
        "3": 1
      },
      "hit_dist_pct": {
        "1": 41.66666666666667,
        "0": 41.66666666666667,
        "2": 8.333333333333332,
        "3": 8.333333333333332
      },
      "vs_theory": 4.721435316336166
    },
    "score": 28.333333333333332,
    "timestamp": "2025-12-01T12:44:28.182565"
  }
}