{
  "task_id": "SZC1_SECOND_ZONE_SPECIAL_BALL_CONTAINMENT_DIAGNOSTIC",
  "generated_at_utc": "2026-06-01T07:40:12.407100+00:00",
  "data_context": {
    "db_path": "/Users/kelvin/Kelvin-WorkSpace/LotteryNew/.claude/worktrees/zen-gates-ff6802/lottery_api/data/lottery_v2.db",
    "power_lotto_rows": 36104,
    "power_lotto_distinct_draws": 1551,
    "predicted_special_rows": 9000,
    "random_baseline": 0.125,
    "statistical_unit_primary": "distinct target_draw"
  },
  "walk_forward_baselines": {
    "n_eval_draws": 1912,
    "rolling_weighted_expected_hits_w50": {
      "hits_or_expected_hits": 241.21799200939643,
      "hit_rate": 0.12616003766181821
    },
    "uniform_random_expected_hits": {
      "hits_or_expected_hits": 239.0,
      "hit_rate": 0.125
    },
    "global_freq_top1": {
      "hits_or_expected_hits": 253.0,
      "hit_rate": 0.13232217573221758
    },
    "rolling_recent_freq_top1_w50": {
      "hits_or_expected_hits": 240.0,
      "hit_rate": 0.12552301255230125
    },
    "last_k_recency_top1_k1": {
      "hits_or_expected_hits": 259.0,
      "hit_rate": 0.1354602510460251
    }
  },
  "per_strategy": {
    "cold_complement_2bet": {
      "lifecycle": "LIFECYCLE_UNRESOLVED",
      "rows": 1500,
      "hits": 171,
      "hit_rate": 0.114,
      "ci95": [
        0.0988931566673408,
        0.13107886384863932
      ],
      "p_vs_random": 0.19768049465452947,
      "top_predicted_special": 1,
      "top_concentration_ratio": 0.23666666666666666,
      "entropy_bits": 2.801341772670056,
      "effective_fixed_predictor": false,
      "per_draw_unit": {
        "n_draws": 1500,
        "hits": 171,
        "hit_rate": 0.114,
        "ci95": [
          0.0988931566673408,
          0.13107886384863932
        ],
        "p_vs_random": 0.19768049465452947
      },
      "predicted_special_distribution": {
        "1": 355,
        "2": 283,
        "3": 280,
        "4": 176,
        "5": 134,
        "6": 105,
        "7": 100,
        "8": 67
      }
    },
    "fourier30_markov30_2bet": {
      "lifecycle": "LIFECYCLE_UNRESOLVED",
      "rows": 1500,
      "hits": 187,
      "hit_rate": 0.12466666666666666,
      "ci95": [
        0.10890205694763297,
        0.14234880237964995
      ],
      "p_vs_random": 0.9688616843007498,
      "top_predicted_special": 1,
      "top_concentration_ratio": 0.20933333333333334,
      "entropy_bits": 2.936431778705068,
      "effective_fixed_predictor": false,
      "per_draw_unit": {
        "n_draws": 1500,
        "hits": 187,
        "hit_rate": 0.12466666666666666,
        "ci95": [
          0.10890205694763297,
          0.14234880237964995
        ],
        "p_vs_random": 0.9688616843007498
      },
      "predicted_special_distribution": {
        "1": 314,
        "2": 184,
        "3": 245,
        "4": 139,
        "5": 151,
        "6": 161,
        "7": 175,
        "8": 131
      }
    },
    "midfreq_fourier_2bet": {
      "lifecycle": "LIFECYCLE_UNRESOLVED",
      "rows": 1500,
      "hits": 178,
      "hit_rate": 0.11866666666666667,
      "ci95": [
        0.10326688365908077,
        0.13601462883684434
      ],
      "p_vs_random": 0.4582787825141693,
      "top_predicted_special": 3,
      "top_concentration_ratio": 0.2733333333333333,
      "entropy_bits": 2.6627937359189353,
      "effective_fixed_predictor": false,
      "per_draw_unit": {
        "n_draws": 1500,
        "hits": 178,
        "hit_rate": 0.11866666666666667,
        "ci95": [
          0.10326688365908077,
          0.13601462883684434
        ],
        "p_vs_random": 0.4582787825141693
      },
      "predicted_special_distribution": {
        "1": 347,
        "2": 273,
        "3": 410,
        "4": 146,
        "5": 125,
        "6": 59,
        "7": 92,
        "8": 48
      }
    },
    "midfreq_fourier_mk_3bet": {
      "lifecycle": "LIFECYCLE_UNRESOLVED",
      "rows": 1500,
      "hits": 178,
      "hit_rate": 0.11866666666666667,
      "ci95": [
        0.10326688365908077,
        0.13601462883684434
      ],
      "p_vs_random": 0.4582787825141693,
      "top_predicted_special": 3,
      "top_concentration_ratio": 0.2733333333333333,
      "entropy_bits": 2.6627937359189353,
      "effective_fixed_predictor": false,
      "per_draw_unit": {
        "n_draws": 1500,
        "hits": 178,
        "hit_rate": 0.11866666666666667,
        "ci95": [
          0.10326688365908077,
          0.13601462883684434
        ],
        "p_vs_random": 0.4582787825141693
      },
      "predicted_special_distribution": {
        "1": 347,
        "2": 273,
        "3": 410,
        "4": 146,
        "5": 125,
        "6": 59,
        "7": 92,
        "8": 48
      }
    },
    "pp3_freqort_4bet": {
      "lifecycle": "LIFECYCLE_UNRESOLVED",
      "rows": 1500,
      "hits": 178,
      "hit_rate": 0.11866666666666667,
      "ci95": [
        0.10326688365908077,
        0.13601462883684434
      ],
      "p_vs_random": 0.4582787825141693,
      "top_predicted_special": 3,
      "top_concentration_ratio": 0.2733333333333333,
      "entropy_bits": 2.6627937359189353,
      "effective_fixed_predictor": false,
      "per_draw_unit": {
        "n_draws": 1500,
        "hits": 178,
        "hit_rate": 0.11866666666666667,
        "ci95": [
          0.10326688365908077,
          0.13601462883684434
        ],
        "p_vs_random": 0.4582787825141693
      },
      "predicted_special_distribution": {
        "1": 347,
        "2": 273,
        "3": 410,
        "4": 146,
        "5": 125,
        "6": 59,
        "7": 92,
        "8": 48
      }
    },
    "zonal_entropy_2bet": {
      "lifecycle": "LIFECYCLE_UNRESOLVED",
      "rows": 1500,
      "hits": 171,
      "hit_rate": 0.114,
      "ci95": [
        0.0988931566673408,
        0.13107886384863932
      ],
      "p_vs_random": 0.19768049465452947,
      "top_predicted_special": 1,
      "top_concentration_ratio": 0.23666666666666666,
      "entropy_bits": 2.801341772670056,
      "effective_fixed_predictor": false,
      "per_draw_unit": {
        "n_draws": 1500,
        "hits": 171,
        "hit_rate": 0.114,
        "ci95": [
          0.0988931566673408,
          0.13107886384863932
        ],
        "p_vs_random": 0.19768049465452947
      },
      "predicted_special_distribution": {
        "1": 355,
        "2": 283,
        "3": 280,
        "4": 176,
        "5": 134,
        "6": 105,
        "7": 100,
        "8": 67
      }
    }
  },
  "rolling_window_stability": {
    "cold_complement_2bet": {
      "50": {
        "available": true,
        "n_windows": 1451,
        "mean_rate": 0.11514817367332875,
        "min_rate": 0.0,
        "max_rate": 0.24,
        "above_random_window_ratio": 0.3762922122674018,
        "raw_sig_window_count": 16
      },
      "100": {
        "available": true,
        "n_windows": 1401,
        "mean_rate": 0.11549607423269094,
        "min_rate": 0.04,
        "max_rate": 0.21,
        "above_random_window_ratio": 0.40756602426837973,
        "raw_sig_window_count": 17
      },
      "300": {
        "available": true,
        "n_windows": 1201,
        "mean_rate": 0.11631140716069942,
        "min_rate": 0.08666666666666667,
        "max_rate": 0.14333333333333334,
        "above_random_window_ratio": 0.24812656119900084,
        "raw_sig_window_count": 0
      },
      "1500": {
        "available": true,
        "n_windows": 1,
        "mean_rate": 0.114,
        "min_rate": 0.114,
        "max_rate": 0.114,
        "above_random_window_ratio": 0.0,
        "raw_sig_window_count": 0
      }
    },
    "fourier30_markov30_2bet": {
      "50": {
        "available": true,
        "n_windows": 1451,
        "mean_rate": 0.1252791178497588,
        "min_rate": 0.02,
        "max_rate": 0.3,
        "above_random_window_ratio": 0.3983459682977257,
        "raw_sig_window_count": 101
      },
      "100": {
        "available": true,
        "n_windows": 1401,
        "mean_rate": 0.12399000713775875,