{
  "generated_at": "2026-04-20T10:44:52.166376",
  "lotteries": {
    "DAILY_539": {
      "strategy_name": "acb_markov_midfreq_3bet",
      "ticket_cost": 50,
      "bet_count": 3,
      "monthly_budget_reference": 1000,
      "hit_rate": 0.33,
      "threshold_base_rate": 0.11397342976290345,
      "lift_vs_random": 2.8954116822358698,
      "expected_payout": 135.2627,
      "expected_net": -14.7373,
      "expected_roi": -0.098248,
      "baseline_expected_payout": 46.7162,
      "baseline_expected_net": -103.2838,
      "baseline_expected_roi": -0.688558,
      "prize_table": {
        "2": 80,
        "3": 1000,
        "4": 50000,
        "5": 8000000
      },
      "jackpot": 8000000,
      "distribution": {
        "2": 0.30092806,
        "3": 0.02821201,
        "4": 0.00085491,
        "5": 5.03e-06,
        "0": 0.36545455,
        "1": 0.30454545
      },
      "baseline_distribution": {
        "0": 0.48328722,
        "1": 0.40273935,
        "2": 0.10393274,
        "3": 0.00974369,
        "4": 0.00029526,
        "5": 1.74e-06
      },
      "stats": {
        "expected_payout": 135.262736,
        "expected_net": -14.737264,
        "expected_roi": -0.098248,
        "variance": 323997303.908127
      }
    },
    "BIG_LOTTO": {
      "strategy_name": "p1_dev_sum5bet",
      "ticket_cost": 50,
      "bet_count": 5,
      "monthly_budget_reference": 1000,
      "hit_rate": 0.1046875,
      "threshold_base_rate": 0.01863754500202234,
      "lift_vs_random": 5.617021983777396,
      "expected_payout": 342.7208,
      "expected_net": 92.7208,
      "expected_roi": 0.370883,
      "baseline_expected_payout": 61.0147,
      "baseline_expected_net": -188.9853,
      "baseline_expected_roi": -0.755941,
      "prize_table": {
        "3": 400,
        "4": 2000,
        "5": 300000,
        "6": 650000000
      },
      "jackpot": 650000000,
      "distribution": {
        "3": 0.09914271,
        "4": 0.00544076,
        "5": 0.00010363,
        "6": 4e-07,
        "0": 0.39773775,
        "1": 0.37680418,
        "2": 0.12077057
      },
      "baseline_distribution": {
        "0": 0.43596498,
        "1": 0.41301945,
        "2": 0.13237803,
        "3": 0.0176504,
        "4": 0.00096862,
        "5": 1.845e-05,
        "6": 7e-08
      },
      "stats": {
        "expected_payout": 342.720775,
        "expected_net": 92.720775,
        "expected_roi": 0.370883,
        "variance": 169719130961.47116
      }
    },
    "POWER_LOTTO": {
      "strategy_name": "orthogonal_5bet",
      "ticket_cost": 100,
      "bet_count": 5,
      "monthly_budget_reference": 1000,
      "hit_rate": 0.141875,
      "threshold_base_rate": 0.038698060369886995,
      "lift_vs_random": 3.66620442068462,
      "expected_payout": 296.8787,
      "expected_net": -203.1213,
      "expected_roi": -0.406243,
      "baseline_expected_payout": 80.9771,
      "baseline_expected_net": -419.0229,
      "baseline_expected_roi": -0.838046,
      "prize_table": {
        "3": 100,
        "4": 800,
        "5": 40000,
        "6": 200000000
      },
      "jackpot": 200000000,
      "distribution": {
        "3": 0.13173832,
        "4": 0.00988037,
        "5": 0.00025498,
        "6": 1.33e-06,
        "0": 0.29301829,
        "1": 0.39069106,
        "2": 0.17441565
      },
      "baseline_distribution": {
        "0": 0.32824944,
        "1": 0.43766592,
        "2": 0.19538657,
        "3": 0.03593316,
        "4": 0.00269499,
        "5": 6.955e-05,
        "6": 3.6e-07
      },
      "stats": {
        "expected_payout": 296.87868,
        "expected_net": -203.12132,
        "expected_roi": -0.406243,
        "variance": 53120618014.63184
      }
    }
  }
}