{
  "lottery_type": "POWER_LOTTO",
  "optimized_at": "2025-12-21T13:07:55.347756",
  "weights": {
    "dynamic_ensemble": 0.04561927852671806,
    "clustering": 0.06059298038578351,
    "bayesian": 0.019618685578781183,
    "markov": 0.1381496926644463,
    "trend": 0.0405556912089156,
    "statistical": 0.020841063234486795,
    "sota": 0.14030779141879934,
    "zone_balance": 0.08901695702597623,
    "odd_even": 0.050368216185518684,
    "entropy": 0.02369669068965975,
    "monte_carlo": 0.0886125609980202,
    "frequency": 0.10190720166327148,
    "deviation": 0.1586370118327473,
    "hot_cold": 0.022076178483730603
  },
  "sample_size": 1867
}