{
  "1000_periods": {
    "avg_bet1": 0.708,
    "avg_bet2": 0.759,
    "avg_bet3": 0.719,
    "avg_combined": 1.342,
    "win_rate_3plus": 4.5
  },
  "1839_periods": {
    "avg_bet1": 0.7281131049483415,
    "avg_bet2": 0.679173463839043,
    "avg_bet3": 0.7417074497009244,
    "avg_combined": 1.343121261555193,
    "win_rate_3plus": 5.600870038064166
  }
}