{
  "1000_periods": {
    "avg_bet1": 0.944,
    "avg_bet2": 0.944,
    "avg_bet3": 0.943,
    "avg_combined": 1.589,
    "win_rate_3plus": 10.6
  },
  "1628_periods": {
    "avg_bet1": 0.9938574938574939,
    "avg_bet2": 0.9373464373464373,
    "avg_bet3": 0.921990171990172,
    "avg_combined": 1.635135135135135,
    "win_rate_3plus": 11.977886977886978
  }
}