{
  "hypothesis": "H001",
  "name": "ACB x MidFreq Product Score",
  "metric": "M2+",
  "baselines": {
    "2bet": 0.2154,
    "3bet": 0.305
  },
  "n_periods": 5510,
  "baseline_2bet": {
    "e150": -3.5400000000000014,
    "e500": 2.059999999999998,
    "e1500": 0.5933333333333318
  },
  "product_2bet": {
    "e150": -4.873333333333335,
    "e500": 2.459999999999998,
    "e1500": -0.006666666666668708
  },
  "baseline_3bet": {
    "e150": -3.833333333333333,
    "e500": 4.299999999999998,
    "e1500": 2.7000000000000024
  },
  "product_3bet": {
    "e150": -5.166666666666664,
    "e500": 3.8999999999999977,
    "e1500": 1.9666666666666666
  },
  "mcnemar_2bet": {
    "n01": 158,
    "n10": 173,
    "net": 15,
    "p": 0.4416
  },
  "mcnemar_3bet": {
    "n01": 193,
    "n10": 214,
    "net": 21,
    "p": 0.3215
  },
  "perm_2bet": 0.225,
  "perm_3bet": 0.175,
  "verdict": "REJECT"
}