{
  "hypothesis": "H001",
  "name": "ACB x MidFreq Product Score (normalized)",
  "methodology": "M2+ threshold, BASELINES={1:11.40,2:21.54,3:30.50}, edge=rate-baseline (pp)",
  "n_periods": 5510,
  "baseline_2bet": {
    "e150": 1.1266666666666652,
    "e500": 1.0600000000000023,
    "e1500": 2.66
  },
  "h001_2bet": {
    "e150": -3.539999999999999,
    "e500": -0.7399999999999984,
    "e1500": -0.006666666666667709
  },
  "baseline_3bet": {
    "e150": 2.8333333333333286,
    "e500": 2.5,
    "e1500": 4.5
  },
  "h001_3bet": {
    "e150": -1.1666666666666679,
    "e500": -0.3000000000000007,
    "e1500": 2.633333333333333
  },
  "mcnemar_2bet": {
    "n01": 457,
    "n10": 422,
    "net": -35,
    "p": 0.2515
  },
  "mcnemar_3bet": {
    "n01": 482,
    "n10": 470,
    "net": -12,
    "p": 0.7215
  },
  "perm_p_2bet": 0.915,
  "perm_p_3bet": 0.66,
  "verdict": "REJECT"
}