{
  "hypothesis": "H002",
  "name": "條件 ACB（Markov 條件化）",
  "metric": "M2+",
  "baseline_1bet": {
    "e150": -4.066666666666667,
    "e500": 0.9999999999999996,
    "e1500": -0.13333333333333391
  },
  "h002_1bet": {
    "e150": -1.4,
    "e500": 2.2000000000000006,
    "e1500": 0.3333333333333327
  },
  "mcnemar": {
    "n01": 94,
    "n10": 104,
    "net": 10,
    "p": 0.5225
  },
  "perm_p": 0.31,
  "n_periods": 5210,
  "start": 600,
  "markov_window": 500,
  "markov_multiplier": 0.3,
  "verdict": "EQUIVALENT"
}