{
  "H007": {
    "fourier_w500_1500p": -1.1333333333333333,
    "fourier_w1000_1500p": -0.06666666666666765,
    "mcnemar": {
      "net": -7,
      "n01": 420,
      "n10": 413,
      "p": 0.8353
    },
    "verdict": "REJECT"
  },
  "H008": {
    "baseline_acb_1500p": -0.13333333333333391,
    "param_scan": [
      {
        "power": 1.2,
        "e150": -1.4,
        "e500": 2.2000000000000006,
        "e1500": 0.4666666666666666,
        "mcn": {
          "net": 7,
          "n01": 21,
          "n10": 28,
          "p": 0.3916
        }
      },
      {
        "power": 1.5,
        "e150": -1.4,
        "e500": 1.8000000000000003,
        "e1500": 0.3333333333333327,
        "mcn": {
          "net": 13,
          "n01": 37,
          "n10": 50,
          "p": 0.198
        }
      },
      {
        "power": 2.0,
        "e150": -1.4,
        "e500": 1.6,
        "e1500": 0.20000000000000018,
        "mcn": {
          "net": 6,
          "n01": 58,
          "n10": 64,
          "p": 0.651
        }
      }
    ],
    "verdict": "REJECT"
  }
}