{
  "hypothesis": "H003",
  "name": "ΔACB 頻率動量作為 ACB 補充過濾器",
  "metric": "M2+",
  "n_periods": 5510,
  "start": 300,
  "param_scan": [
    {
      "alpha": 0.2,
      "e150": -1.4,
      "e500": 1.8000000000000003,
      "e1500": 0.26666666666666644,
      "mcn": {
        "n01": 58,
        "n10": 79,
        "net": 21,
        "p": 0.0871
      }
    },
    {
      "alpha": 0.5,
      "e150": -1.4,
      "e500": 2.2000000000000006,
      "e1500": -0.06666666666666765,
      "mcn": {
        "n01": 114,
        "n10": 141,
        "net": 27,
        "p": 0.1033
      }
    },
    {
      "alpha": 1.0,
      "e150": -0.7333333333333331,
      "e500": 2.9999999999999987,
      "e1500": 0.5999999999999992,
      "mcn": {
        "n01": 173,
        "n10": 196,
        "net": 23,
        "p": 0.2521
      }
    },
    {
      "alpha": 2.0,
      "e150": -0.7333333333333331,
      "e500": 1.1999999999999997,
      "e1500": -0.06666666666666765,
      "mcn": {
        "n01": 251,
        "n10": 266,
        "net": 15,
        "p": 0.5381
      }
    }
  ],
  "best_alpha": 1.0,
  "baseline_acb": {
    "e150": -4.066666666666667,
    "e500": 0.9999999999999996,
    "e1500": 0.0
  },
  "h003_best": {
    "e150": -0.7333333333333331,
    "e500": 2.9999999999999987,
    "e1500": 0.5999999999999992
  },
  "mcnemar": {
    "n01": 173,
    "n10": 196,
    "net": 23,
    "p": 0.2521
  },
  "perm_p": 0.135,
  "verdict": "REJECT"
}