{
  "hypothesis": "H006",
  "n_periods": 5460,
  "start": 350,
  "baseline": {
    "e150": -4.066666666666667,
    "e500": 0.9999999999999996,
    "e1500": -0.13333333333333391
  },
  "h006": {
    "e150": -2.0666666666666664,
    "e500": 2.2000000000000006,
    "e1500": 0.8666666666666656
  },
  "mcnemar": {
    "net": 12,
    "n01": 100,
    "n10": 112,
    "p": 0.45
  },
  "verdict": "REJECT"
}