{
  "total_draws": 1874,
  "main_numbers": {
    "chi_square": 32.14514407684098,
    "p_value": 0.6959037462427592,
    "significant": 