{
  "struct_filter_power_lotto": {
    "n": 2000,
    "mean": -0.0013333333333333344,
    "std": 0.034181866537683396,
    "p5": -0.06,
    "p95": 0.053333333333333344,
    "seed": 42
  },
  "struct_filter_daily_539": {
    "n": 2000,
    "mean": 0.0005499999999999862,
    "std": 0.03918882706418587,
    "p5": -0.068,
    "p95": 0.0653333333333333,
    "seed": 42
  }
}