{
  "POWER_LOTTO": {
    "odd_even": {
      "2-4": 230,
      "4-2": 239,
      "3-3": 349,
      "5-1": 82,
      "1-5": 77,
      "0-6": 13,
      "6-0": 10
    },
    "span_bins": {
      "30": 330,
      "35": 103,
      "25": 303,
      "20": 177,
      "5": 1,
      "15": 69,
      "10": 17
    },
    "consec": {
      "1": 451,
      "0": 404,
      "3": 13,
      "2": 132
    },
    "perm_p": {
      "2-4": 0.77,
      "4-2": 0.53,
      "3-3": 0.315,
      "5-1": 0.45,
      "1-5": 0.6,
      "0-6": 0.19,
      "6-0": 0.55
    },
    "backtest_300": {
      "baseline_hit_rate": 0.69,
      "filtered_hit_rate": 0.71
    }
  },
  "BIG_LOTTO": {
    "odd_even": {
      "3-3": 321,
      "2-4": 217,
      "4-2": 269,
      "6-0": 15,
      "5-1": 93,
      "1-5": 72,
      "0-6": 13
    },
    "span_bins": {
      "35": 251,
      "25": 129,
      "40": 250,
      "30": 182,
      "45": 111,
      "20": 51,
      "15": 22,
      "5": 1,
      "10": 3
    },
    "consec": {
      "1": 386,
      "0": 513,
      "3": 7,
      "2": 94
    },
    "perm_p": {
      "3-3": 0.765,
      "2-4": 0.825,
      "4-2": 0.09,
      "6-0": 0.285,
      "5-1": 0.47,
      "1-5": 0.71,
      "0-6": 0.195
    },
    "backtest_300": {
      "baseline_hit_rate": 0.55,
      "filtered_hit_rate": 0.54
    }
  },
  "DAILY_539": {
    "odd_even": {
      "0-5": 17,
      "4-1": 172,
      "3-2": 327,
      "5-0": 25,
      "1-4": 133,
      "2-3": 326
    },
    "span_bins": {
      "20": 181,
      "35": 117,
      "30": 295,
      "25": 263,
      "10": 41,
      "15": 96,
      "5": 7
    },
    "consec": {
      "0": 564,
      "1": 359,
      "2": 73,
      "3": 4
    },
    "perm_p": {
      "0-5": 0.76,
      "4-1": 0.17,
      "3-2": 0.805,
      "5-0": 0.665,
      "1-4": 0.565,
      "2-3": 0.34
    },
    "backtest_300": {
      "baseline_hit_rate": 0.5033333333333333,
      "filtered_hit_rate": 0.5066666666666667
    }
  }
}