{
  "results": {
    "BIG_LOTTO": {
      "n_draws_analyzed": 1000,
      "cold_n": 300,
      "odd": {
        "cold_counts": {
          "4": 88,
          "3": 94,
          "2": 69,
          "6": 4,
          "5": 22,
          "1": 23
        },
        "hot_counts": {
          "5": 27,
          "3": 92,
          "2": 61,
          "4": 90,
          "0": 3,
          "1": 24,
          "6": 3
        },
        "chi2": 4.210622798998614,
        "p": 0.6571714142928535
      },
      "span": {
        "cold_counts": {
          "45": 23,
          "40": 68,
          "35": 79,
          "15": 12,
          "20": 19,
          "25": 45,
          "30": 52,
          "5": 1,
          "10": 1
        },
        "hot_counts": {
          "40": 65,
          "25": 44,
          "30": 64,
          "45": 43,
          "35": 62,
          "20": 16,
          "15": 5,
          "10": 1
        },
        "chi2": 13.570031687329646,
        "p": 0.08045977011494253
      },
      "consec": {
        "cold_counts": {
          "0": 128,
          "1": 143,
          "2": 27,
          "3": 2
        },
        "hot_counts": {
          "0": 160,
          "1": 109,
          "2": 29,
          "3": 2
        },
        "chi2": 8.214285714285715,
        "p": 0.031984007996002
      }
    },
    "DAILY_539": {
      "n_draws_analyzed": 1000,
      "cold_n": 300,
      "odd": {
        "cold_counts": {
          "3": 94,
          "2": 93,
          "1": 39,
          "4": 58,
          "5": 7,
          "0": 9
        },
        "hot_counts": {
          "2": 88,
          "4": 47,
          "3": 102,
          "1": 47,
          "5": 11,
          "0": 5
        },
        "chi2": 4.392965189844836,
        "p": 0.4852573713143428
      },
      "span": {
        "cold_counts": {
          "20": 61,
          "30": 73,
          "5": 4,
          "15": 36,
          "10": 10,
          "25": 83,
          "35": 33
        },
        "hot_counts": {
          "20": 57,
          "25": 83,
          "10": 8,
          "35": 37,
          "15": 36,
          "30": 77,
          "5": 2
        },
        "chi2": 1.359720204465967,
        "p": 0.9700149925037481
      },
      "consec": {
        "cold_counts": {
          "0": 166,
          "1": 115,
          "2": 17,
          "3": 2
        },
        "hot_counts": {
          "0": 173,
          "1": 114,
          "2": 13
        },
        "chi2": 2.6822429184217644,
        "p": 0.49075462268865566
      }
    },
    "POWER_LOTTO": {
      "n_draws_analyzed": 1000,
      "cold_n": 300,
      "odd": {
        "cold_counts": {
          "4": 57,
          "5": 25,
          "3": 106,
          "1": 26,
          "2": 85,
          "6": 1
        },
        "hot_counts": {
          "3": 112,
          "2": 77,
          "4": 60,
          "5": 22,
          "1": 24,
          "0": 3,
          "6": 2
        },
        "chi2": 4.241945115032499,
        "p": 0.6646676661669165
      },
      "span": {
        "cold_counts": {
          "25": 91,
          "30": 98,
          "35": 34,
          "20": 52,
          "15": 18,
          "10": 7
        },
        "hot_counts": {
          "35": 34,
          "20": 41,
          "30": 103,
          "25": 90,
          "15": 25,
          "10": 7
        },
        "chi2": 2.5705131238693246,
        "p": 0.7736131934032984
      },
      "consec": {
        "cold_counts": {
          "0": 132,
          "2": 41,
          "1": 123,
          "3": 4
        },
        "hot_counts": {
          "1": 135,
          "0": 128,
          "2": 32,
          "4": 1,
          "3": 4
        },
        "chi2": 2.729267037518073,
        "p": 0.6366816591704147
      }
    }
  },
  "rules": {
    "BIG_LOTTO": [
      {
        "feature": "consec",
        "note": "consecutive pairs distribution differs (p=0.032)"
      }
    ],
    "DAILY_539": [],
    "POWER_LOTTO": []
  }
}